model,description,count,BERTScore,BERTScore_std,BLEU,BLEU_std,SARI,SARI_std,Perplexity,Perplexity_std,FKGL_Delta,FKGL_Delta_std,FRE_Delta,FRE_Delta_std,FKGL_Output,FKGL_Output_std,FRE_Output,FRE_Output_std,Entity_Additions_Rate,Number_Mismatch_Rate,LENS,LENS_std
t5-large-text-simplification,T5 fine-tuned (full dataset),189,0.8598285781012641,0.016438531461313584,0.0024168346279363896,0.005464592460319554,30.001222072669638,3.462533592596641,56.43748378249072,29.20389356634949,1.333210693081009,3.4482767833360324,-3.105865474128862,12.816845298154336,12.590895571914405,3.9626869408642342,50.20325484295814,15.96184347092352,,,46.894410281968575,13.396682204176317
