model,description,count,BERTScore,BERTScore_std,BLEU,BLEU_std,SARI,SARI_std,Perplexity,Perplexity_std,FKGL_Delta,FKGL_Delta_std,FRE_Delta,FRE_Delta_std,FKGL_Output,FKGL_Output_std,FRE_Output,FRE_Output_std,Entity_Additions_Rate,Number_Mismatch_Rate,LENS,LENS_std
t5-large-text-simplification,T5 fine-tuned (test set),40,0.8592588528990746,0.016602770848486978,0.0028101125911764503,0.006093002976650094,30.24360451528789,3.4495318785289895,55.91574048995974,28.20629113272264,0.48231980075033326,2.951935451270873,-0.15945675926569178,10.304770856319404,12.034579929847116,3.5486225885935068,52.47939625861026,14.957220296772233,,,45.68084705294025,13.239153138538544
