model,description,count,BERTScore,BERTScore_std,BLEU,BLEU_std,SARI,SARI_std,Perplexity,Perplexity_std,FKGL_Delta,FKGL_Delta_std,FRE_Delta,FRE_Delta_std,FKGL_Output,FKGL_Output_std,FRE_Output,FRE_Output_std,Entity_Additions_Rate,Number_Mismatch_Rate,LENS,LENS_std
plan-simp-pgdyn,Plan-Simp PG-Dyn simplifier (test set),40,0.8847395032644272,0.012948953451752324,0.2427230978778284,0.05747387951283889,42.46600043032174,2.2199027323170286,39.87383198738098,11.85039476894281,-4.979512192162376,1.4754854684238434,18.12935762595287,5.844352998057546,6.572747936934407,0.8989281290240855,70.76821064382884,5.408662702477539,,,47.02356309407507,12.597292995534403
