model,description,count,BERTScore,BERTScore_std,BLEU,BLEU_std,SARI,SARI_std,Perplexity,Perplexity_std,FKGL_Delta,FKGL_Delta_std,FRE_Delta,FRE_Delta_std,FKGL_Output,FKGL_Output_std,FRE_Output,FRE_Output_std,Entity_Additions_Rate,Number_Mismatch_Rate,LENS,LENS_std
plan-simp-pgdyn,Plan-Simp PG-Dyn simplifier (full dataset),189,0.8850710559143591,0.012673312334104557,0.23804470983519282,0.06296385832879765,42.01957428485341,2.5734982271697375,40.23257772253935,12.118761741898446,-4.662845821258839,1.5461327874415631,16.95522760514986,6.146684577508396,6.594839057574556,0.8637903505282221,70.26434792223687,5.486299173069456,,,48.627471104539765,12.089508237871502
